Product group code,Productgroup_oms,Product code,Product description,Product_description,Product_synonyms,Measuring unit,Amount of,comment line,Enriched with,Contains_a_track_of,ENERCJ_kJ,ENERCC_kcal,PROT_g,PROTPL_g,PROTAN_g,NT_g,CHO_g,SUGAR_g,STARCH_g,POLYL_g,FIBT_g,ALC_g,WATER_g,OA_g,FAT_g,FACID_g,FASAT_g,FAMSCIS_g,FAPU_g,FAPUN3_g,FAPUN6_g,FATRS_g,F4_0_g,F6_0_g,F8_0_g,F10_0_g,F11_0_g,F12_0_g,F13_0_g,F14_0_g,F15_0_g,F16_0_g,F17_0_g,F18_0_g,F19_0_g,F20_0_g,F21_0_g,F22_0_g,F23_0_g,F24_0_g,F25_0_g,F26_0_g,FASATXR_g,F10_1CIS_g,F12_1CIS_g,F14_1CIS_g,F16_1CIS_g,F18_1CIS_g,F20_1CIS_g,F22_1CIS_g,F24_1CIS_g,FAMSCXR_g,F18_2CN6_g,F18_2CN9_g,F18_2CT_g,F18_2TC_g,F18_2R_g,F18_3CN3_g,F18_3CN6_g,F18_4CN3_g,F20_2CN6_g,F20_3CN9_g,F20_3CN6_g,F20_3CN3_g,F20_4CN6_g,F20_4CN3_g,F20_5CN3_g,F21_5CN3_g,F22_2CN6_g,F22_2CN3_g,F22_3CN3_g,F22_4CN6_g,F22_5CN6_g,F22_5CN3_g,F22_6CN3_g,F24_2CN6_g,FAPUXR_g,F10_1TRS_g,F12_1TRS_g,F14_1TRS_g,F16_1TRS_g,F18_1TRS_g,F18_2TTN6_g,F18_3TTTN3_g,F20_1TRS_g,F20_2TT_g,F22_1TRS_g,F24_1TRS_g,FAMSTXR_g,FAUN_g,CHORL_mg,NA_mg,K_mg,CA_mg,P_mg,MG_mg,FE_mg,HAEM_mg,NHAEM_mg,CU_mg,SE_mug,ZN_mg,ID_mug,ASH_g,VITA_RAE_mug,VITA_RE_mug,RETOL_mug,CARTBTOT_mug,CARTA_mug,LUTN_mug,ZEA_mug,CRYPXB_mug,LYCPN_mug,VITD_mug,CHOCALOH_mug,CHOCAL_mug,VITE_mg,TOCPHA_mg,TOCPHB_mg,TOCPHG_mg,TOCPHD_mg,VITK_mug,VITK1_mug,VITK2_mug,THIA_mg,RIBF_mg,VITB6_mg,VITB12_mug,NIA_mg,FOL_mug,FOLFD_mug,FOLAC_mug,VITC_mg
9,Vegetable,141,Puree tomato- concentrated can,Tomato puree concentrated tinned,Tomato paste concentrated,g,100,per 100g.,,FAT,370,87,4.5,4.5,0.0,0.7,15.5,12.9,2.6,0.0,3.7,0.0,73.0,,0.0,0.0,0.0,0.0,0.0,0.0,0.0,0.0,0.0,0.0,0.0,0.0,0.0,0.0,0.0,0.0,0.0,0.0,0.0,0.0,0.0,0.0,0.0,0.0,0.0,0.0,0.0,0.0,0.0,0.0,0.0,0.0,0.0,0.0,0.0,0.0,0.0,0.0,0.0,0.0,0.0,0.0,0.0,0.0,0.0,0.0,0.0,0.0,0.0,0.0,0.0,0.0,0.0,0.0,0.0,0.0,0.0,0.0,0.0,0.0,0.0,0.0,0.0,0.0,0.0,0.0,0.0,0.0,0.0,0.0,0.0,0.0,0.0,0.0,0.0,0.0,0.0,269.0,1280.0,49.0,108.0,51.0,2.5,0.0,2.5,0.26,1.0,0.53,2.2,3.3,113.0,226.0,0.0,1358.0,0.0,478.0,1.0,1.0,38193.0,0.0,0.0,0.0,1.0,,,,,13.0,13.0,,0.16,0.13,0.22,0.0,3.4,41.2,41.2,0.0,13.0
9,Vegetable,1397,stewed tomato,Tomatoes stewed with vegetable oil,stewed tomatoes,g,100,per 100g. Stewed with vegetable oil.,,,245,59,0.9,0.9,0.0,,1.9,1.9,0.0,0.0,1.3,0.0,91.7,,5.1,4.8,1.0,2.2,1.6,0.2,1.4,0.0,0.0,0.0,0.0,0.0,0.0,0.0,0.0,0.01,0.0,0.75,0.0,0.16,0.0,0.02,0.0,0.01,0.0,0.01,0.0,0.0,0.0,0.0,0.0,0.0,0.02,2.17,0.02,0.0,0.0,0.0,1.45,0.0,0.0,0.0,0.0,0.16,0.0,0.0,0.0,0.0,0.0,0.0,0.0,0.0,0.0,0.0,0.0,0.0,0.0,0.0,0.0,0.0,0.0,0.0,0.0,0.0,0.0,0.0,0.0,0.0,0.0,0.0,0.0,0.0,0.0,0.0,0.0,,0.0,2.0,247.0,10.0,24.0,10.0,0.2,0.0,0.2,0.04,0.0,0.1,,,82.0,124.0,39.0,511.0,0.0,81.0,0.0,0.0,3465.0,0.5,,,1.4,1.2,0.1,1.2,0.2,2.8,2.8,,0.05,0.02,0.086,0.0,0.5,27.8,27.8,0.0,11.0
9,Vegetable,2293,Canned tomato,Tomatoes tinned,canned tomato cubes; whole canned tomatoes,g,100,"per 100g. For more information, see Overview of recipes on the NEVO website.",,,103,24,1.1,1.1,0.0,,3.7,3.6,0.1,0.0,0.7,0.0,94.1,,0.4,0.3,0.1,0.1,0.2,0.0,0.2,0.0,0.0,0.0,0.0,0.0,0.0,0.0,0.0,0.0,0.0,0.06,0.0,0.01,0.0,0.0,0.0,0.0,0.0,0.0,0.0,0.0,0.0,0.0,0.0,0.0,0.0,0.05,0.0,0.0,0.0,0.0,0.18,0.0,0.0,0.0,0.0,0.02,0.0,0.0,0.0,0.0,0.0,0.0,0.0,0.0,0.0,,0.0,0.0,0.0,0.0,0.0,0.0,0.0,0.0,0.0,0.0,0.0,0.0,0.0,0.0,0.0,,0.0,0.0,0.0,0.0,0.0,0.0,0.0,100.0,224.0,11.0,21.0,9.0,0.5,0.0,0.5,0.04,0.0,0.17,3.0,0.2,35.0,69.0,0.0,414.0,0.0,73.0,0.0,0.0,6387.0,0.0,0.0,0.0,1.2,1.1,0.0,0.5,0.0,2.6,2.6,,0.04,0.02,0.08,0.0,0.6,21.9,21.9,0.0,11.0
9,Vegetable,2378,Sun-dried tomato,tomato sun-dried,Sun-dried tomatoes,g,100,per 100g.,,,1396,331,14.1,14.1,0.0,,55.8,37.6,18.2,0.0,12.3,0.0,14.6,,3.0,2.4,0.5,0.4,1.5,0.1,1.3,0.0,0.0,0.0,0.0,0.0,0.0,0.0,0.0,0.0,0.0,0.47,0.0,0.08,0.0,0.0,0.0,0.0,0.0,0.0,0.0,0.0,0.0,0.0,0.0,0.0,0.02,0.34,0.0,0.0,0.0,0.0,1.34,0.0,0.0,0.0,0.0,0.13,0.0,0.0,0.0,0.0,0.0,0.0,0.0,0.0,0.0,0.0,0.0,0.0,0.0,0.0,0.0,0.0,0.0,0.0,0.0,0.0,0.0,0.0,0.0,0.0,0.0,0.0,0.0,0.0,0.0,0.0,0.0,0.0,0.0,2059.0,3427.0,110.0,356.0,194.0,9.1,0.0,9.1,0.82,6.0,1.99,,,44.0,87.0,0.0,524.0,,,,,,0.0,0.0,0.0,0.0,,,,,43.0,43.0,,0.53,0.49,0.33,0.0,9.1,68.0,68.0,0.0,39.0
11,Savory sauces,462,tomato ketchup,ketchup tomato,tomato ketchup,g,100,per 100g. Gem of various brands.,,,327,77,1.0,1.0,0.0,,17.7,14.3,3.5,0.0,0.8,0.0,79.0,,0.0,0.0,0.0,0.0,0.0,0.0,0.0,0.0,0.0,0.0,0.0,0.0,0.0,0.0,0.0,0.0,0.0,0.01,0.0,0.0,0.0,0.0,0.0,0.0,0.0,0.0,0.0,0.0,0.0,0.0,0.0,0.0,0.0,0.0,0.0,0.0,0.0,0.0,0.02,0.0,0.0,0.0,0.0,0.0,0.0,0.0,0.0,0.0,0.0,0.0,0.0,0.0,0.0,0.0,0.0,0.0,0.0,0.0,0.0,0.0,0.0,0.0,0.0,0.0,0.0,0.0,0.0,0.0,0.0,0.0,0.0,0.0,0.0,0.0,0.0,0.0,0.0,608.0,344.0,13.0,31.0,19.0,0.0,0.0,0.0,0.05,0.0,0.1,,1.4,49.0,98.0,0.0,590.0,0.0,105.0,,,13565.0,0.0,0.0,0.0,0.6,,,,,3.0,3.0,,0.07,0.09,0.03,0.0,2.1,1.0,1.0,0.0,2.0
11,Savory sauces,1524,Sauce tomato-ready glass,Sauce tomato ready made jar,Tomato sauce ready-made,g,100,"per 100g. For more information, see Overview of recipes on the NEVO website.",,,283,68,1.6,1.6,0.0,,6.9,5.5,1.4,0.0,1.8,0.0,84.2,,3.3,3.1,0.5,2.2,0.4,0.0,0.4,0.0,0.0,0.0,0.0,0.0,0.0,0.0,0.0,0.0,0.0,0.4,0.0,0.09,0.0,0.01,0.0,0.0,0.0,0.0,0.0,0.0,0.0,0.0,0.0,0.0,0.03,2.13,0.01,0.0,0.0,0.0,0.41,0.0,0.0,0.0,0.0,0.03,0.0,0.0,0.0,0.0,0.0,0.0,0.0,0.01,0.0,,0.0,0.0,0.0,0.0,0.0,0.0,0.0,0.0,0.0,0.0,0.0,0.0,0.0,0.0,0.0,,0.0,0.0,0.0,0.0,0.0,0.0,0.0,331.0,313.0,10.0,20.0,8.0,0.5,0.0,0.5,0.04,0.0,0.17,3.7,2.2,37.0,74.0,0.0,445.0,0.0,80.0,0.0,0.0,16985.0,0.0,0.0,0.0,1.2,1.0,0.0,0.4,0.0,4.1,4.1,0.0,0.04,0.01,0.07,0.0,0.6,20.8,20.8,0.0,11.0
11,Savory sauces,2614,Salsa tomato dip sauce,Salsa tomato dip,,g,100,"per 100g. Gem of Albert Heijn and Doritos; For more information, see Overview of recipes on the NEVO website.",,,191,45,0.9,0.9,0.0,,9.3,5.3,4.0,0.0,1.6,0.0,88.2,,0.2,0.1,0.1,0.0,0.0,0.0,0.0,0.0,0.0,0.0,0.0,0.0,0.0,0.0,0.0,0.0,0.0,0.0,0.0,0.0,0.0,0.0,0.0,0.0,0.0,0.0,0.0,0.0,0.0,0.0,0.0,0.0,0.0,0.0,0.0,0.0,0.0,0.0,0.0,0.0,0.0,0.0,0.0,0.0,0.0,0.0,0.0,0.0,0.0,0.0,0.0,0.0,0.0,,0.0,0.0,0.0,0.0,0.0,0.0,0.0,0.0,0.0,0.0,0.0,0.0,0.0,0.0,0.0,,0.0,0.0,0.0,0.0,0.0,0.0,0.0,725.0,125.0,10.0,19.0,12.0,0.5,0.0,0.5,0.01,0.0,0.0,0.2,,17.0,33.0,0.0,198.0,0.0,63.0,0.0,0.0,8139.0,0.0,0.0,0.0,0.0,0.0,0.0,0.0,0.0,1.1,1.1,,0.0,0.05,0.0,0.0,0.0,0.6,0.6,0.0,1.0
16,Non-alcoholic drinks,413,juice tomato-,tomato juice,Tomato juice,g,100,per 100g.,,,68,16,0.7,0.7,0.0,,3.2,3.2,0.0,0.0,0.4,0.0,94.7,,0.0,0.0,0.0,0.0,0.0,0.0,0.0,0.0,0.0,0.0,0.0,0.0,0.0,0.0,0.0,0.0,0.0,0.0,0.0,0.0,0.0,0.0,0.0,0.0,0.0,0.0,0.0,0.0,0.0,0.0,0.0,0.0,0.0,0.0,0.0,0.0,0.0,0.0,0.0,0.0,0.0,0.0,0.0,0.0,0.0,0.0,0.0,0.0,0.0,0.0,0.0,0.0,0.0,0.0,0.0,0.0,0.0,0.0,0.0,0.0,0.0,0.0,0.0,0.0,0.0,0.0,0.0,0.0,0.0,0.0,0.0,0.0,0.0,0.0,0.0,0.0,0.0,360.0,212.0,13.0,17.0,10.0,0.3,0.0,0.3,0.06,0.0,0.12,,,22.0,45.0,0.0,269.0,0.0,60.0,,,10770.0,0.0,0.0,0.0,1.8,1.7,0.1,0.6,0.0,2.3,2.3,,0.05,0.02,0.08,0.0,0.5,13.0,13.0,0.0,8.0
16,Non-alcoholic drinks,1132,juice tomato vegetables-,Juice tomato/vegetable,tomato vegetable juice,g,100,per 100g.,,,88,21,1.0,1.0,0.0,,4.0,3.0,1.0,0.0,0.4,0.0,94.7,,0.0,0.0,0.0,0.0,0.0,0.0,0.0,0.0,0.0,0.0,0.0,0.0,0.0,0.0,0.0,0.0,0.0,0.0,0.0,0.0,0.0,0.0,0.0,0.0,0.0,0.0,0.0,0.0,0.0,0.0,0.0,0.0,0.0,0.0,0.0,0.0,0.0,0.0,0.0,0.0,0.0,0.0,0.0,0.0,0.0,0.0,0.0,0.0,0.0,0.0,0.0,0.0,0.0,,0.0,0.0,0.0,0.0,0.0,0.0,0.0,0.0,0.0,0.0,0.0,0.0,0.0,0.0,0.0,,0.0,0.0,0.0,0.0,0.0,0.0,0.0,365.0,193.0,13.0,21.0,27.0,0.3,0.0,0.3,,,,,,78.0,156.0,0.0,830.0,210.0,80.0,,,9660.0,0.0,0.0,0.0,,,,,,,,,0.05,0.03,0.08,0.0,0.5,18.0,18.0,0.0,8.0
16,Non-alcoholic drinks,1156,Juice tomato vegetables- Na-,Juice tomato/vegetable low sodium,Low sodium tomato vegetable juice,g,100,per 100g.,,,88,21,1.0,1.0,0.0,,4.0,3.0,1.0,0.0,0.4,0.0,94.6,,0.0,0.0,0.0,0.0,0.0,0.0,0.0,0.0,0.0,0.0,0.0,0.0,0.0,0.0,0.0,0.0,0.0,0.0,0.0,0.0,0.0,0.0,0.0,0.0,0.0,0.0,0.0,0.0,0.0,0.0,0.0,0.0,0.0,0.0,0.0,0.0,0.0,0.0,0.0,0.0,0.0,0.0,0.0,0.0,0.0,0.0,0.0,0.0,0.0,0.0,0.0,0.0,0.0,,0.0,0.0,0.0,0.0,0.0,0.0,0.0,0.0,0.0,0.0,0.0,0.0,0.0,0.0,0.0,,0.0,0.0,0.0,0.0,0.0,0.0,0.0,22.0,261.0,19.0,15.0,,0.4,0.0,0.4,,,,,,78.0,156.0,0.0,830.0,210.0,80.0,,,9660.0,0.0,0.0,0.0,,,,,,,,,0.05,0.03,0.08,0.0,0.5,18.0,18.0,0.0,18.0
16,Non-alcoholic drinks,1933,Juice tomato vegetables- Appelsientje Tomatientje,Juice tomato/vegetable Appelsientje Tomato,Tomato vegetable juice orange,g,100,per 100g. Enriched with: Vitamin C.,VITC,,61,14,0.7,0.7,0.0,,2.5,2.5,0.0,0.0,0.8,0.0,96.0,,0.0,0.0,0.0,0.0,0.0,0.0,0.0,0.0,0.0,0.0,0.0,0.0,0.0,0.0,0.0,0.0,0.0,0.0,0.0,0.0,0.0,0.0,0.0,0.0,0.0,0.0,0.0,0.0,0.0,0.0,0.0,0.0,0.0,0.0,0.0,0.0,0.0,0.0,0.0,0.0,0.0,0.0,0.0,0.0,0.0,0.0,0.0,0.0,0.0,0.0,0.0,0.0,0.0,,0.0,0.0,0.0,0.0,0.0,0.0,0.0,0.0,0.0,0.0,0.0,0.0,0.0,0.0,0.0,,0.0,0.0,0.0,0.0,0.0,0.0,0.0,222.0,231.0,12.0,13.0,27.0,0.3,0.0,0.3,,,,,,45.0,90.0,0.0,432.0,210.0,80.0,,,9660.0,0.0,0.0,0.0,0.0,0.0,0.0,0.0,0.0,0.0,,,0.04,0.02,0.06,0.0,0.0,10.0,10.0,0.0,15.0
16,Non-alcoholic drinks,1934,Juice tomato- Appelsientje Sun tomato,Juice tomato Appelsientje Sun tomato,Tomato juice sun tomato,g,100,per 100g. Enriched with: Vitamin C.,VITC,,70,17,0.9,0.9,0.0,,2.8,2.8,0.0,0.0,0.9,0.0,95.4,,0.0,0.0,0.0,0.0,0.0,0.0,0.0,0.0,0.0,0.0,0.0,0.0,0.0,0.0,0.0,0.0,0.0,0.0,0.0,0.0,0.0,0.0,0.0,0.0,0.0,0.0,0.0,0.0,0.0,0.0,0.0,0.0,0.0,0.0,0.0,0.0,0.0,0.0,0.0,0.0,0.0,0.0,0.0,0.0,0.0,0.0,0.0,0.0,0.0,0.0,0.0,0.0,0.0,,0.0,0.0,0.0,0.0,0.0,0.0,0.0,0.0,0.0,0.0,0.0,0.0,0.0,0.0,0.0,,0.0,0.0,0.0,0.0,0.0,0.0,0.0,219.0,241.0,11.0,17.0,11.0,0.4,0.0,0.4,0.06,0.0,0.12,,,47.0,93.0,0.0,558.0,0.0,60.0,,,10770.0,0.0,0.0,0.0,1.8,1.7,0.1,0.6,0.0,0.0,,,0.06,0.03,0.08,0.0,0.0,13.0,13.0,0.0,15.0
18,legumes,197,White beans in tomato sauce can/glass,Beans white baked in tomato sauce canned,White beans in tomato sauce,g,100,per 100g.,,,426,101,5.7,5.7,0.0,0.9,15.2,3.6,11.6,0.0,6.1,0.0,73.0,,0.6,0.5,0.1,0.1,0.3,0.2,0.1,0.0,0.0,0.0,0.0,0.0,0.0,0.0,0.0,0.01,0.0,0.08,0.0,0.02,0.0,0.0,0.0,0.0,0.0,0.0,0.0,0.0,0.0,0.0,0.0,0.0,0.0,0.05,0.0,0.0,0.0,0.0,0.13,,,,,0.18,0.0,0.0,0.0,,,,0.0,,0.0,,0.0,,,0.0,0.0,0.0,0.0,0.0,,,,,,,,,,,,,,0.01,0.0,322.0,341.0,56.0,101.0,37.0,1.6,0.0,1.6,0.25,3.0,0.64,0.6,1.6,7.0,14.0,0.0,84.0,0.0,0.0,0.0,0.0,1796.0,0.0,0.0,0.0,0.5,0.4,0.1,0.9,0.1,1.7,1.7,,0.14,0.04,0.03,0.0,0.5,20.8,20.8,0.0,0.0
24,Fish,349,Herring fillet in tomato sauce can,Herring fillet in tomato sauce tinned,,g,100,per 100g.,,,696,167,15.0,1.5,13.5,,3.1,2.8,0.3,0.0,0.0,0.0,67.4,,10.5,9.7,2.8,4.1,2.9,2.3,0.6,0.0,,,0.0,0.0,,0.01,,0.71,0.05,1.64,0.05,0.27,,0.04,,0.01,,0.01,,,,,,0.0,0.63,1.22,0.8,1.34,0.08,,0.44,,,,,0.13,0.01,0.18,0.01,,,0.01,0.1,,0.83,,,,0.0,0.01,,0.14,1.01,,,,,,,,,,,,,,,,90.0,312.0,295.0,150.0,250.0,61.0,2.0,0.5,1.5,0.12,24.0,0.53,18.0,,32.0,41.0,23.0,111.0,0.0,20.0,,,4246.0,6.2,0.1,6.1,3.6,,,,,,,,0.0,0.2,0.1,10.4,5.3,10.0,10.0,0.0,0.0
9,Vegetable,562,leek raw,Seemed raw,,g,100,per 100g.,,,118,28,1.5,1.5,0.0,,3.5,3.0,0.5,0.0,3.0,0.0,91.2,,0.2,0.2,0.0,0.0,0.1,0.0,0.1,0.0,0.0,0.0,0.0,0.0,0.0,0.0,0.0,0.0,0.0,0.04,0.0,0.0,,0.0,0.0,0.0,0.0,0.0,,,,,,0.0,0.0,0.02,0.0,0.0,0.0,0.0,0.06,,,,,0.04,0.0,,0.0,,0.0,0.0,0.0,,0.0,,0.0,0.0,,,,,0.0,,,,,0.0,0.0,0.0,,,0.0,,0.0,0.0,,,0.0,4.0,231.0,39.0,32.0,11.0,0.4,0.0,0.4,0.04,1.0,0.4,2.5,0.5,28.0,55.0,0.0,323.0,18.0,782.0,0.0,0.0,39.0,0.0,0.0,0.0,0.4,0.3,0.0,0.1,0.0,10.1,10.1,,0.04,0.05,0.18,0.0,0.5,66.4,66.4,0.0,7.0
10,Savory sandwich filling,1497,Salad ham-leek lunch/drink,Salad ham and leek,Ham leek salad lunch/drink,g,100,"per 100g. Gem of Albert Heijn, Hema, Johma; For more information, see Overview of recipes on the NEVO website.",,,1005,243,3.6,0.5,3.1,,7.0,4.0,3.0,0.0,1.9,0.0,64.1,0.0,21.9,20.8,2.8,8.7,9.1,1.3,7.8,0.0,0.0,0.0,0.0,0.0,0.0,0.0,0.0,0.03,0.0,1.93,0.02,0.55,0.04,0.08,0.0,0.08,0.0,0.02,0.0,0.0,0.0,0.0,0.0,0.0,0.06,8.38,0.21,0.04,0.02,0.02,7.79,0.0,0.0,0.0,0.0,1.27,0.0,0.0,0.02,0.0,0.0,0.0,0.0,0.0,0.0,0.0,0.0,0.0,0.0,0.0,0.0,0.0,0.0,0.0,0.0,0.0,0.0,0.0,0.0,0.0,0.0,,0.0,0.0,0.0,0.0,0.0,0.15,54.5,507.0,132.0,25.0,76.0,8.0,0.4,0.0,0.4,0.03,3.0,0.35,2.0,1.5,22.0,34.0,10.0,122.0,41.0,161.0,6.0,0.0,1.0,0.1,0.0,0.1,18.2,,,,,3.3,3.3,,0.1,0.08,0.05,0.05,1.0,14.2,14.2,0.0,3.0
9,Vegetable,851,Sweet and sour bell pepper glass,Sweet pepper pickled glass,,g,100,per 100g.,,,66,16,0.9,0.9,0.0,,2.0,2.0,0.0,0.0,1.7,0.0,95.3,,0.1,0.1,0.0,0.0,0.1,0.0,0.0,0.0,0.0,0.0,0.0,0.0,0.0,0.0,0.0,0.0,0.0,0.02,0.0,0.01,0.0,0.0,0.0,0.0,0.0,0.0,0.0,0.0,0.0,0.0,0.0,0.0,0.0,0.0,0.0,0.0,0.0,0.0,0.04,0.0,0.0,0.0,0.0,0.02,0.0,0.0,0.0,0.0,0.0,0.0,0.0,0.0,0.0,0.0,0.0,0.0,0.0,0.0,0.0,0.0,0.0,0.0,0.0,0.0,0.0,0.0,0.0,0.0,0.0,0.0,0.0,0.0,0.0,0.0,0.0,,0.0,600.0,90.0,17.0,20.0,11.0,0.4,0.0,0.4,0.13,1.0,0.18,2.0,,81.0,163.0,0.0,851.0,22.0,28.0,218.0,229.0,101.0,0.0,0.0,0.0,0.8,,,,,5.1,5.1,,0.03,0.03,0.1,0.0,0.6,30.0,30.0,0.0,47.0
9,Vegetable,884,Red pepper raw,Sweet pepper red raw,Red pepper raw,g,100,per 100g.,,,106,25,0.8,0.8,0.0,,4.3,4.3,0.0,0.0,1.8,0.0,91.6,,0.1,0.1,0.0,0.0,0.1,0.0,0.0,0.0,0.0,0.0,0.0,0.0,0.0,0.0,0.0,0.0,0.0,0.02,0.0,0.01,0.0,0.0,0.0,0.0,0.0,0.0,0.0,0.0,0.0,0.0,0.0,0.0,0.0,0.0,0.0,0.0,0.0,0.0,0.05,0.0,0.0,0.0,0.0,0.03,0.0,0.0,0.0,0.0,0.0,0.0,0.0,0.0,0.0,,0.0,0.0,0.0,0.0,0.0,0.0,0.0,0.0,0.0,0.0,0.0,0.0,0.0,0.0,0.0,,0.0,0.0,0.0,0.0,0.0,0.0,0.0,1.0,299.0,7.0,32.0,12.0,0.4,0.0,0.4,0.05,0.0,0.32,1.0,0.5,70.0,141.0,0.0,742.0,19.0,29.0,245.0,187.0,49.0,0.0,0.0,0.0,3.1,3.0,0.1,0.3,0.0,4.9,4.9,,0.04,0.07,0.29,0.0,1.0,41.4,41.4,0.0,150.0
9,Vegetable,885,Boiled red bell pepper,Sweet pepper red boiled,Boiled red pepper,g,100,per 100g.,,,119,28,0.9,0.9,0.0,,5.1,4.2,0.9,0.0,1.7,0.0,91.9,,0.1,0.1,0.0,0.0,0.1,0.0,0.0,0.0,0.0,0.0,0.0,0.0,0.0,0.0,0.0,0.0,0.0,0.02,0.0,0.01,0.0,0.0,0.0,0.0,0.0,0.0,0.0,0.0,0.0,0.0,0.0,0.0,0.0,0.0,0.0,0.0,0.0,0.0,0.04,0.0,0.0,0.0,0.0,0.02,0.0,0.0,0.0,0.0,0.0,0.0,0.0,0.0,0.0,0.0,0.0,0.0,0.0,0.0,0.0,0.0,0.0,0.0,0.0,0.0,0.0,0.0,0.0,0.0,0.0,0.0,0.0,0.0,0.0,0.0,0.0,,0.0,2.0,195.0,9.0,25.0,10.0,0.4,0.0,0.4,0.05,1.0,0.27,1.0,0.4,81.0,163.0,0.0,851.0,22.0,28.0,218.0,229.0,101.0,0.0,0.0,0.0,4.4,4.3,0.2,0.4,0.1,5.1,5.1,,0.04,0.08,0.27,0.0,0.9,44.0,44.0,0.0,119.0
9,Vegetable,2741,Boiled yellow bell pepper,Sweet pepper yellow boiled,Paprika yellow boiled,g,100,per 100g.,,,113,27,0.8,0.8,0.0,,4.6,4.6,0.0,0.0,2.2,0.0,92.2,,0.1,0.1,0.0,0.0,0.1,0.0,0.0,0.0,0.0,0.0,0.0,0.0,0.0,0.0,0.0,0.0,0.0,0.02,0.0,0.01,0.0,0.0,0.0,0.0,0.0,0.0,0.0,0.0,0.0,0.0,0.0,0.0,0.0,0.0,0.0,0.0,0.0,0.0,0.04,0.0,0.0,0.0,0.0,0.02,0.0,0.0,0.0,0.0,0.0,0.0,0.0,0.0,0.0,0.0,0.0,0.0,0.0,0.0,0.0,0.0,0.0,0.0,0.0,0.0,0.0,0.0,0.0,0.0,0.0,0.0,0.0,0.0,0.0,0.0,0.0,,0.0,1.0,240.0,8.0,30.0,11.0,0.4,0.0,0.4,0.01,1.0,0.05,1.0,0.5,6.0,13.0,0.0,64.0,16.0,404.0,0.0,10.0,0.0,0.0,0.0,0.0,2.4,2.4,0.1,0.1,0.0,5.1,5.1,,0.03,0.02,0.22,0.0,1.0,31.0,31.0,0.0,111.0
12,Savory snacks and pretzels,267,peppers,Pretzel sticks,Salty sticks/sticks,g,100,per 100g.,,,1613,382,11.9,11.9,0.0,,69.5,3.3,66.2,0.0,4.2,0.0,4.7,,5.3,5.1,1.1,1.8,2.0,0.2,1.8,0.0,0.0,0.0,0.0,0.0,0.0,0.01,0.0,0.02,0.0,0.84,0.01,0.19,0.0,0.02,0.0,0.02,0.0,0.03,0.0,0.0,0.0,0.0,0.0,0.0,0.02,1.73,0.04,0.0,0.01,0.0,1.74,0.0,0.0,0.0,0.0,0.22,0.0,0.0,0.0,0.0,0.0,0.0,0.01,0.0,0.0,0.0,0.0,0.0,0.0,0.0,0.0,0.0,0.0,0.0,0.0,0.0,0.0,0.0,0.0,0.02,0.0,0.0,0.0,0.0,0.0,0.0,0.0,0.08,0.0,1660.0,141.0,36.0,103.0,20.0,0.8,0.0,0.8,0.14,5.0,0.64,1.9,4.4,0.0,0.0,0.0,0.0,,,,,,0.0,0.0,0.0,,,,,,,,,0.07,0.04,0.12,0.0,1.0,11.6,11.6,0.0,0.0
12,Savory snacks and pretzels,2928,French fries sticks bell pepper,Crisps potato straws flavoured,,g,100,per 100g.,,,2212,529,6.5,6.5,0.0,,60.0,2.5,57.5,0.0,3.5,0.0,1.0,,28.5,27.3,5.0,16.9,5.3,0.0,5.2,0.1,,,,,,0.0,,0.08,,3.76,,0.87,,0.07,,0.15,,0.06,,,,,,,0.03,16.8,0.05,,,,5.23,,,,,0.04,,,,,,,,,0.0,,,,,,,,0.0,,,,,,,0.02,0.07,,,,,,,0.0,0.0,677.0,1246.0,27.0,150.0,60.0,2.3,0.0,2.3,0.22,1.0,1.3,4.0,,7.0,13.0,0.0,80.0,,,,,,0.0,0.0,0.0,4.3,2.7,0.5,13.4,5.7,,,,0.21,0.08,0.72,0.0,3.2,12.0,12.0,0.0,11.0
22,"Sugar, candy, sweet toppings and sweet sauces",2384,Drop with peppermint,Liquorice w peppermint,school chalks,g,100,"per 100g. For more information, see Overview of recipes on the NEVO website.",,,1592,375,2.8,1.6,1.2,,90.4,82.8,7.6,0.0,0.3,0.0,5.9,,0.1,0.1,0.1,0.0,0.0,0.0,0.0,0.0,0.0,0.0,0.0,0.0,0.0,0.0,0.0,0.0,0.0,0.0,0.0,0.0,0.0,0.0,0.0,0.0,0.0,0.0,0.0,0.0,0.13,0.0,0.0,0.0,0.0,0.0,0.0,0.0,0.0,0.0,0.0,0.0,0.0,0.0,0.0,0.0,0.0,0.0,0.0,0.0,0.0,0.0,0.0,0.0,0.0,,0.0,0.0,0.0,0.0,0.0,0.0,0.0,0.0,0.0,0.0,0.0,0.0,0.0,0.0,0.0,,0.0,0.0,0.0,0.0,0.0,,0.0,48.0,104.0,48.0,7.0,13.0,1.3,0.0,1.3,0.06,0.0,0.12,0.0,0.4,0.0,0.0,0.0,0.0,,,,,,0.0,0.0,0.0,0.0,0.0,0.0,0.0,0.0,,,,0.0,0.0,0.0,0.0,0.0,3.0,3.0,0.0,0.0
6,Fruit,166,melon net,Melon netted,Galia melon; net melon,g,100,per 100g.,,,114,27,0.5,0.5,0.0,,6.0,6.0,0.0,0.0,0.4,0.0,94.0,,0.0,0.0,0.0,0.0,0.0,0.0,0.0,0.0,0.0,0.0,0.0,0.0,0.0,0.0,0.0,0.0,0.0,0.0,0.0,0.0,0.0,0.0,0.0,0.0,0.0,0.0,0.0,0.0,0.0,0.0,0.0,0.0,0.0,0.0,0.0,0.0,0.0,0.0,0.0,0.0,0.0,0.0,0.0,0.0,0.0,0.0,0.0,0.0,0.0,0.0,0.0,0.0,0.0,,0.0,0.0,0.0,0.0,0.0,0.0,0.0,0.0,0.0,0.0,0.0,0.0,0.0,0.0,0.0,,0.0,0.0,0.0,0.0,0.0,0.0,0.0,15.0,200.0,15.0,10.0,20.0,0.8,0.0,0.8,0.04,0.0,0.16,,,4.0,8.0,0.0,48.0,,,,,,0.0,0.0,0.0,0.1,,,,,0.1,0.1,,0.04,0.05,0.06,0.0,0.1,3.0,3.0,0.0,12.0
6,Fruit,1105,melon water-,Melon water,Watermelon,g,100,per 100g.,,,155,36,0.5,0.5,0.0,,8.0,8.0,0.0,0.0,0.6,0.0,93.0,0.4,0.0,0.0,0.0,0.0,0.0,0.0,0.0,0.0,0.0,0.0,0.0,0.0,0.0,0.0,0.0,0.0,0.0,0.0,0.0,0.0,0.0,0.0,0.0,0.0,0.0,0.0,0.0,0.0,0.0,0.0,0.0,0.0,0.0,0.0,0.0,0.0,0.0,0.0,0.0,0.0,0.0,0.0,0.0,0.0,0.0,0.0,0.0,0.0,0.0,0.0,0.0,0.0,0.0,,0.0,0.0,0.0,0.0,0.0,0.0,0.0,0.0,0.0,0.0,0.0,0.0,0.0,0.0,0.0,,0.0,0.0,0.0,0.0,0.0,0.0,0.0,2.0,158.0,10.0,11.0,8.0,0.4,0.0,0.4,,,0.2,,,22.0,45.0,0.0,188.0,0.0,30.0,0.0,161.0,4089.0,0.0,0.0,0.0,,,,,,0.3,0.3,,0.04,0.05,0.07,0.0,0.2,2.0,2.0,0.0,6.0
6,Fruit,1106,melon sugar,Melon honeydew,honeydew melon; honeydew melon,g,100,per 100g.,,,127,30,0.9,0.9,0.0,,6.3,6.3,0.0,0.0,0.6,0.0,89.3,,0.0,0.0,0.0,0.0,0.0,0.0,0.0,0.0,0.0,0.0,0.0,0.0,0.0,0.0,0.0,0.0,0.0,0.0,0.0,0.0,0.0,0.0,0.0,0.0,0.0,0.0,0.0,0.0,0.0,0.0,0.0,0.0,0.0,0.0,0.0,0.0,0.0,0.0,0.0,0.0,0.0,0.0,0.0,0.0,0.0,0.0,0.0,0.0,0.0,0.0,0.0,0.0,0.0,,0.0,0.0,0.0,0.0,0.0,0.0,0.0,0.0,0.0,0.0,0.0,0.0,0.0,0.0,0.0,,0.0,0.0,0.0,0.0,0.0,0.0,0.0,20.0,350.0,13.0,21.0,11.0,0.6,0.0,0.6,0.03,0.0,0.17,,,4.0,8.0,0.0,48.0,,,,,,0.0,0.0,0.0,0.2,0.2,0.0,0.3,0.0,0.1,0.1,,0.05,0.02,0.1,0.0,0.6,2.0,2.0,0.0,32.0
6,Fruit,3341,melon cantaloupe,Melon cantaloupe,melon cantaloupe,g,100,per 100g.,,,163,38,0.8,0.8,0.0,,7.9,7.9,0.0,0.0,0.9,0.0,90.2,,0.2,0.2,0.1,0.0,0.1,0.1,0.0,0.0,0.0,0.0,0.0,0.0,,0.0,,0.0,,0.05,,0.01,,,,,,,,,,,,,0.0,0.0,0.0,0.0,,,0.04,,,,,0.05,,0.0,,,,,,,0.0,,,,,,,0.0,0.0,,,,,,,,,,,,,,,,0.0,16.0,267.0,9.0,15.0,12.0,0.2,0.0,0.2,0.04,0.0,0.18,4.0,0.7,169.0,338.0,0.0,2020.0,16.0,,,1.0,0.0,0.0,0.0,0.0,0.1,0.1,0.0,0.1,0.0,2.5,2.5,,0.04,0.02,0.072,0.0,0.7,21.0,21.0,0.0,37.0
9,Vegetable,60,Tomato just raw,Tomatoes classic round raw,Tomatoes just raw,g,100,per 100g.,,,85,20,0.7,0.7,0.0,,2.9,2.9,0.0,0.0,1.3,0.0,95.4,,0.4,0.3,0.1,0.0,0.2,0.0,0.2,0.0,0.0,0.0,0.0,0.0,0.0,0.0,0.0,0.0,0.0,0.06,0.0,0.01,0.0,0.0,0.0,0.0,0.0,0.0,0.0,0.0,0.0,0.0,0.0,0.0,0.0,0.04,0.0,0.0,0.0,0.0,0.17,0.0,0.0,0.0,0.0,0.02,0.0,0.0,0.0,0.0,0.0,0.0,0.0,0.0,0.0,,0.0,0.0,0.0,0.0,0.0,0.0,0.0,0.0,0.0,0.0,0.0,0.0,0.0,0.0,0.0,,0.0,0.0,0.0,0.0,0.0,0.0,0.0,2.0,246.0,11.0,23.0,8.0,0.3,0.0,0.3,0.05,0.0,0.15,2.5,0.6,39.0,77.0,0.0,464.0,0.0,83.0,4.0,0.0,2949.0,0.0,0.0,0.0,0.7,0.6,0.0,0.4,0.0,6.0,6.0,,0.03,0.01,0.077,0.0,0.5,15.7,15.7,0.0,15.0
9,Vegetable,61,Tomato just cooked,Tomatoes classic round boiled,Tomatoes just cooked,g,100,per 100g.,,,96,23,0.7,0.7,0.0,,2.9,2.8,0.1,0.0,1.3,0.0,94.1,,0.7,0.5,0.1,0.1,0.3,0.0,0.3,0.0,0.0,0.0,0.0,0.0,0.0,0.0,0.0,0.0,0.0,0.11,0.0,0.02,0.0,0.0,0.0,0.0,0.0,0.0,0.0,0.0,0.0,0.0,0.0,0.0,0.01,0.08,0.0,0.0,0.0,0.0,0.31,0.0,0.0,0.0,0.0,0.03,0.0,0.0,0.0,0.0,0.0,0.0,0.0,0.0,0.0,0.0,0.0,0.0,0.0,0.0,0.0,0.0,0.0,0.0,0.0,0.0,0.0,0.0,0.0,0.0,0.0,0.0,0.0,0.0,0.0,0.0,0.0,0.0,0.0,2.0,233.0,9.0,24.0,8.0,0.6,0.0,0.6,0.03,0.0,0.21,2.5,0.4,43.0,85.0,0.0,511.0,0.0,81.0,0.0,0.0,3465.0,0.0,0.0,0.0,0.7,0.7,0.0,0.4,0.0,2.8,2.8,,0.03,0.01,0.077,0.0,0.6,27.8,27.8,0.0,14.0
9,Vegetable,2377,"Tomato dried in oil can/glass, drained","Tomatoes dried in oil tin/glass, drained",Tomatoes dried can/glass in oil,g,100,"per 100g. Gem of Grand'Italia, Albert Heijn, Sacla and Vivitalia.",,,817,197,4.4,4.4,0.0,,9.4,6.3,3.1,0.0,8.0,0.0,64.2,,14.0,13.4,1.5,4.0,8.0,0.0,8.0,0.0,0.0,0.0,0.0,0.0,0.0,0.0,0.0,0.01,0.0,0.85,0.0,0.48,0.0,0.03,0.0,0.09,0.0,0.03,0.0,0.0,0.0,0.0,0.0,0.0,0.01,3.91,0.03,0.0,0.0,0.0,7.95,0.0,0.0,0.0,0.0,0.01,0.0,0.0,0.0,0.0,0.0,0.0,0.0,0.0,0.0,0.0,0.0,0.0,0.0,0.0,0.0,0.0,0.01,0.0,0.0,0.0,0.0,0.0,0.0,0.0,0.0,0.0,0.0,0.0,0.0,0.0,0.0,0.01,0.0,540.0,1565.0,47.0,139.0,81.0,2.7,0.0,2.7,0.47,3.0,0.78,,,44.0,87.0,0.0,522.0,,,,,,0.0,0.0,0.0,,,,,,,,,0.19,0.38,0.32,0.0,3.6,23.0,23.0,0.0,39.0
9,Vegetable,2498,Tomato sieved pack,Tomato sieved pack,Tomato sieved pack,g,100,"per 100g. Gem of Heinz, Albert Heijn and Royalti; For more information, see Overview of recipes on the NEVO website.",,,165,39,1.8,1.8,0.0,,6.3,6.0,0.3,0.0,2.0,0.0,89.4,,0.3,0.3,0.1,0.0,0.2,0.0,0.1,0.0,0.0,0.0,0.0,0.0,0.0,0.0,0.0,0.0,0.0,0.05,0.0,0.01,0.0,0.0,0.0,0.0,0.0,0.0,0.0,0.0,0.0,0.0,0.0,0.0,0.0,0.04,0.0,0.0,0.0,0.0,0.14,0.0,0.0,0.0,0.0,0.01,0.0,0.0,0.0,0.0,0.0,0.0,0.0,0.0,0.0,0.0,0.0,0.0,0.0,0.0,0.0,0.0,0.0,0.0,0.0,0.0,0.0,0.0,0.0,0.0,0.0,0.0,0.0,0.0,0.0,0.0,0.0,0.0,0.0,110.0,283.0,11.0,21.0,9.0,0.5,0.0,0.5,0.04,0.0,0.17,3.0,0.2,35.0,69.0,0.0,414.0,0.0,73.0,0.0,0.0,6387.0,0.0,0.0,0.0,1.2,1.1,0.0,0.5,0.0,2.6,2.6,,0.04,0.02,0.08,0.0,0.6,21.9,21.9,0.0,11.0
9,Vegetable,2730,Tomato vine- raw,Tomato vine raw,Vine tomato/truss tomatoes raw,g,100,per 100g.,,,91,22,0.7,0.7,0.0,,3.0,2.8,0.2,0.0,1.2,0.0,94.2,,0.5,0.4,0.1,0.1,0.3,0.0,0.2,0.0,0.0,0.0,0.0,0.0,0.0,0.0,0.0,0.0,0.0,0.08,0.0,0.01,0.0,0.0,0.0,0.0,0.0,0.0,0.0,0.0,0.0,0.0,0.0,0.0,0.0,0.06,0.0,0.0,0.0,0.0,0.23,0.0,0.0,0.0,0.0,0.02,0.0,0.0,0.0,0.0,0.0,0.0,0.0,0.0,0.0,0.0,0.0,0.0,0.0,0.0,0.0,0.0,0.0,0.0,0.0,0.0,0.0,0.0,0.0,0.0,0.0,0.0,0.0,0.0,0.0,0.0,0.0,0.0,0.0,1.0,262.0,8.0,26.0,8.0,0.2,0.0,0.2,0.02,0.0,0.1,2.5,0.4,34.0,68.0,0.0,408.0,0.0,39.0,9.0,0.0,3140.0,0.0,0.0,0.0,0.6,0.6,0.0,0.3,0.0,6.0,6.0,,0.04,0.02,0.097,0.0,0.8,18.2,18.2,0.0,16.0
9,Vegetable,2731,Tomato cherry raw,Tomato cherry raw,Cherry tomatoes/cherry tomatoes raw,g,100,per 100g.,,STARCH,126,30,0.9,0.9,0.0,,3.9,4.0,0.0,0.0,1.9,0.0,92.0,,0.8,0.6,0.1,0.1,0.4,0.0,0.3,0.0,0.0,0.0,0.0,0.0,0.0,0.0,0.0,0.0,0.0,0.12,0.0,0.02,0.0,0.0,0.0,0.0,0.0,0.0,0.0,0.0,0.0,0.0,0.0,0.0,0.01,0.09,0.0,0.0,0.0,0.0,0.35,0.0,0.0,0.0,0.0,0.03,0.0,0.0,0.0,0.0,0.0,0.0,0.0,0.0,0.0,0.0,0.0,0.0,0.0,0.0,0.0,0.0,0.0,0.0,0.0,0.0,0.0,0.0,0.0,0.0,0.0,0.0,0.0,0.0,0.0,0.0,0.0,0.0,0.0,3.0,343.0,7.0,33.0,11.0,0.4,0.0,0.4,0.03,0.0,0.12,2.5,0.5,64.0,129.0,0.0,771.0,0.0,85.0,8.0,4.0,4152.0,0.0,0.0,0.0,0.6,0.6,0.0,0.8,0.0,6.0,6.0,,0.05,0.02,0.096,0.0,1.0,20.0,20.0,0.0,24.0
9,Vegetable,2732,Tomato meat- raw,Tomato beef raw,Beef tomato/beef tomatoes raw,g,100,per 100g.,,,78,19,0.6,0.6,0.0,,2.3,2.4,0.0,0.0,1.3,0.0,95.0,,0.5,0.4,0.1,0.1,0.2,0.0,0.2,0.0,0.0,0.0,0.0,0.0,0.0,0.0,0.0,0.0,0.0,0.08,0.0,0.01,0.0,0.0,0.0,0.0,0.0,0.0,0.0,0.0,0.0,0.0,0.0,0.0,0.0,0.06,0.0,0.0,0.0,0.0,0.22,0.0,0.0,0.0,0.0,0.02,0.0,0.0,0.0,0.0,0.0,0.0,0.0,0.0,0.0,0.0,0.0,0.0,0.0,0.0,0.0,0.0,0.0,0.0,0.0,0.0,0.0,0.0,0.0,0.0,0.0,0.0,0.0,0.0,0.0,0.0,0.0,0.0,0.0,2.0,212.0,9.0,23.0,7.0,0.7,0.0,0.7,0.03,0.0,0.27,2.5,0.3,40.0,80.0,0.0,482.0,0.0,37.0,0.0,0.0,3794.0,0.0,0.0,0.0,0.6,0.5,0.0,0.3,0.0,6.0,6.0,,0.03,0.01,0.063,0.0,0.6,10.3,10.3,0.0,15.0
9,Vegetable,2733,Tomato meat- cooked,Tomato beef boiled,Beef tomato/beef tomatoes cooked,g,100,per 100g.,,,90,22,0.7,0.7,0.0,,2.9,3.0,0.0,0.0,1.3,0.0,94.2,,0.5,0.4,0.1,0.1,0.2,0.0,0.2,0.0,0.0,0.0,0.0,0.0,0.0,0.0,0.0,0.0,0.0,0.08,0.0,0.01,0.0,0.0,0.0,0.0,0.0,0.0,0.0,0.0,0.0,0.0,0.0,0.0,0.0,0.06,0.0,0.0,0.0,0.0,0.22,0.0,0.0,0.0,0.0,0.02,0.0,0.0,0.0,0.0,0.0,0.0,0.0,0.0,0.0,0.0,0.0,0.0,0.0,0.0,0.0,0.0,0.0,0.0,0.0,0.0,0.0,0.0,0.0,0.0,0.0,0.0,0.0,0.0,0.0,0.0,0.0,0.0,0.0,1.0,238.0,10.0,25.0,8.0,0.6,0.0,0.6,0.06,0.0,0.27,2.5,0.4,41.0,82.0,0.0,490.0,0.0,63.0,0.0,0.0,4395.0,0.0,0.0,0.0,0.8,0.8,0.0,0.3,0.0,2.8,2.8,,0.03,0.01,0.067,0.0,0.7,18.1,18.1,0.0,18.0
9,Vegetable,2734,Tomato raw gem,Tomato average raw,Tomatoes raw,g,100,"per 100g. For more information, see Overview of recipes on the NEVO website.",,,95,23,0.7,0.7,0.0,,3.0,3.0,0.1,0.0,1.4,0.0,94.2,,0.5,0.4,0.1,0.1,0.3,0.0,0.2,0.0,0.0,0.0,0.0,0.0,0.0,0.0,0.0,0.0,0.0,0.09,0.0,0.01,0.0,0.0,0.0,0.0,0.0,0.0,0.0,0.0,0.0,0.0,0.0,0.0,0.0,0.06,0.0,0.0,0.0,0.0,0.24,0.0,0.0,0.0,0.0,0.02,0.0,0.0,0.0,0.0,0.0,0.0,0.0,0.0,0.0,,0.0,0.0,0.0,0.0,0.0,0.0,0.0,0.0,0.0,0.0,0.0,0.0,0.0,0.0,0.0,,0.0,0.0,0.0,0.0,0.0,0.0,0.0,2.0,266.0,9.0,26.0,8.0,0.4,0.0,0.4,0.03,0.0,0.16,2.5,0.5,44.0,89.0,0.0,531.0,0.0,61.0,5.0,1.0,3509.0,0.0,0.0,0.0,0.6,0.6,0.0,0.4,0.0,6.0,6.0,,0.04,0.01,0.08,0.0,0.7,16.1,16.1,0.0,18.0
9,Vegetable,2735,Tomato cooked gem,Tomato average boiled,Tomatoes cooked gem,g,100,"per 100g. For more information, see Overview of recipes on the NEVO website.",,,93,22,0.7,0.7,0.0,,2.9,2.9,0.0,0.0,1.3,0.0,94.2,,0.6,0.5,0.1,0.1,0.3,0.0,0.3,0.0,0.0,0.0,0.0,0.0,0.0,0.0,0.0,0.0,0.0,0.09,0.0,0.02,0.0,0.0,0.0,0.0,0.0,0.0,0.0,0.0,0.0,0.0,0.0,0.0,0.0,0.07,0.0,0.0,0.0,0.0,0.26,0.0,0.0,0.0,0.0,0.03,0.0,0.0,0.0,0.0,0.0,0.0,0.0,0.0,0.0,0.0,0.0,0.0,0.0,0.0,0.0,0.0,0.0,0.0,0.0,0.0,0.0,0.0,0.0,0.0,0.0,0.0,0.0,0.0,0.0,0.0,0.0,0.0,0.0,2.0,236.0,10.0,25.0,8.0,0.6,0.0,0.6,0.05,0.0,0.24,2.5,0.4,42.0,83.0,0.0,501.0,0.0,72.0,0.0,0.0,3930.0,0.0,0.0,0.0,0.8,0.7,0.0,0.4,0.0,2.8,2.8,,0.03,0.01,0.072,0.0,0.7,22.9,22.9,0.0,16.0
11,Savory sauces,5100,Tomato tapenade,tapenade tomato,,g,100,"per 100g. Gem of Grand'Italia, AH, Jumbo and Plus; For more information, see Overview of recipes on the NEVO website.",,,1205,291,3.1,3.1,0.0,,12.2,10.5,1.7,0.0,4.0,0.0,56.0,,24.7,23.7,2.6,7.0,14.1,0.0,14.0,0.0,0.0,0.0,0.0,0.0,0.0,0.0,0.0,0.02,0.0,1.49,0.0,0.85,0.0,0.05,0.0,0.17,0.0,0.05,0.0,0.0,0.0,0.0,0.0,0.0,0.02,6.9,0.05,0.0,0.0,0.0,14.0,0.0,0.0,0.0,0.0,0.02,0.0,0.0,0.0,0.0,0.0,0.0,0.0,0.0,0.0,0.0,0.0,0.0,0.0,0.0,0.0,0.0,0.02,0.0,0.0,0.0,0.0,0.0,0.0,0.0,0.0,0.0,0.0,0.0,0.0,0.0,0.0,0.02,0.0,1144.0,791.0,26.0,71.0,41.0,1.3,0.0,1.3,0.24,2.0,0.41,1.2,,26.0,52.0,0.0,312.0,0.0,12.0,0.0,0.0,1027.0,0.0,0.0,0.0,9.4,9.4,0.0,0.1,0.0,1.8,1.8,0.0,0.1,0.19,0.17,0.0,1.8,13.4,13.4,0.0,21.0
21,soups,5062,Tomato soup with vermicelli,Soup tomato with noodles,Tomato soup with vermicelli,g,100,"per 100g. For more information, see Overview of recipes on the NEVO website.",,,99,23,0.8,0.8,0.0,,3.6,1.6,1.9,0.0,0.8,0.0,93.2,,0.5,0.4,0.1,0.1,0.2,0.0,0.2,0.0,0.0,0.0,0.0,0.0,0.0,0.0,0.0,0.0,0.0,0.08,0.0,0.01,0.0,0.0,0.0,0.0,0.0,0.0,0.0,0.0,0.0,0.0,0.0,0.0,0.0,0.11,0.0,0.0,0.0,0.0,0.2,0.0,0.0,0.0,0.0,0.02,0.0,0.0,0.0,0.0,0.0,0.0,0.0,0.0,0.0,0.0,0.0,0.0,0.0,0.0,0.0,0.0,0.0,0.0,0.0,0.0,0.0,0.0,0.0,0.0,0.0,0.0,0.0,0.0,0.0,0.0,0.0,0.0,0.0,335.0,133.0,8.0,18.0,6.0,0.4,0.0,0.4,0.05,0.0,0.2,1.6,0.6,26.0,52.0,0.0,314.0,0.0,146.0,1.0,0.0,1961.0,0.0,0.0,0.0,0.4,0.4,0.0,0.2,0.0,8.0,8.0,,0.02,0.01,0.04,0.0,0.4,13.8,13.8,0.0,9.0
9,Vegetable,37,Leek cooked,Seemed boiled,,g,100,per 100g.,,,92,22,1.1,1.1,0.0,,2.1,1.5,0.6,0.0,2.3,0.0,93.8,,0.5,0.4,0.1,0.0,0.3,0.1,0.2,0.0,,,,0.0,0.0,0.0,,0.0,0.0,0.06,0.0,0.01,,0.0,0.0,0.0,0.0,0.01,,,,,,,0.0,0.01,0.0,0.0,0.0,,0.15,0.0,,,,0.11,0.0,0.0,0.0,0.0,0.0,,0.0,,0.0,,0.0,,,0.0,0.0,0.0,0.0,0.0,,,,,0.0,0.0,0.0,,0.0,,0.0,,,0.01,0.0,3.0,222.0,41.0,22.0,10.0,0.3,0.0,0.3,0.05,0.0,0.19,2.5,0.2,27.0,53.0,0.0,318.0,2.0,772.0,2.0,0.0,4.0,0.0,0.0,0.0,0.8,0.8,0.0,0.1,0.0,9.5,9.5,,0.03,0.03,0.096,0.0,0.2,40.6,40.6,0.0,5.0
9,Vegetable,31,Pepper green raw,Sweet pepper green raw,Pepper green raw,g,100,per 100g.,,,78,19,0.8,0.8,0.0,,2.5,2.5,0.0,0.0,2.5,0.0,94.6,,0.1,0.1,0.0,0.0,0.0,0.0,0.0,0.0,0.0,0.0,0.0,0.0,0.0,0.0,0.0,0.0,0.0,0.01,0.0,0.0,0.0,0.0,0.0,0.0,0.0,0.0,0.0,0.0,0.0,0.0,0.0,0.0,0.0,0.0,0.0,0.0,0.0,0.0,0.03,0.0,0.0,0.0,0.0,0.01,0.0,0.0,0.0,0.0,0.0,0.0,0.0,0.0,0.0,,0.0,0.0,0.0,0.0,0.0,0.0,0.0,0.0,0.0,0.0,0.0,0.0,0.0,0.0,0.0,,0.0,0.0,0.0,0.0,0.0,0.0,0.0,0.0,178.0,7.0,24.0,9.0,0.3,0.0,0.3,0.03,0.0,0.23,1.0,0.3,15.0,30.0,0.0,176.0,3.0,590.0,20.0,0.0,1.0,0.0,0.0,0.0,0.9,0.9,0.0,0.1,0.0,7.4,7.4,,0.02,0.02,0.2,0.0,0.7,11.1,11.1,0.0,71.0
9,Vegetable,2524,Pepper Spanish raw,Chili pepper raw,Chili pepper raw,g,100,per 100g.,,,127,30,1.8,1.8,0.0,,4.2,4.2,0.0,0.0,1.8,0.0,91.9,,0.3,0.2,0.0,0.0,0.2,0.0,0.2,0.0,,,,,,,,0.0,,0.03,,0.01,,,,,,,,,,,,,0.0,0.02,,,,,0.18,,,,,0.01,,,,,,,,,0.0,,,,,,,,0.0,,,,,,,,,,,,,,,,0.0,12.0,440.0,16.0,39.0,21.0,1.0,0.0,1.0,0.17,,0.3,,,0.0,0.0,0.0,,,,,,,0.0,0.0,0.0,,,,,,14.0,14.0,,0.12,0.15,0.28,0.0,2.2,23.0,23.0,0.0,144.0
9,Vegetable,2740,Pepper yellow raw,Sweet pepper yellow raw,Pepper yellow raw,g,100,per 100g.,,,105,25,0.7,0.7,0.0,,3.9,3.9,0.0,0.0,2.5,0.0,92.7,,0.2,0.1,0.0,0.0,0.1,0.0,0.1,0.0,0.0,0.0,0.0,0.0,0.0,0.0,0.0,0.0,0.0,0.03,0.0,0.01,0.0,0.0,0.0,0.0,0.0,0.0,0.0,0.0,0.0,0.0,0.0,0.0,0.0,0.01,0.0,0.0,0.0,0.0,0.07,0.0,0.0,0.0,0.0,0.04,0.0,0.0,0.0,0.0,0.0,0.0,0.0,0.0,0.0,0.0,0.0,0.0,0.0,0.0,0.0,0.0,0.0,0.0,0.0,0.0,0.0,0.0,0.0,0.0,0.0,0.0,0.0,0.0,0.0,0.0,0.0,,0.0,1.0,216.0,8.0,26.0,11.0,0.4,0.0,0.4,0.04,0.0,0.25,1.0,0.4,8.0,15.0,0.0,79.0,24.0,402.0,0.0,0.0,0.0,0.0,0.0,0.0,2.4,2.4,0.1,0.1,0.0,4.9,4.9,,0.03,0.02,0.22,0.0,0.9,37.6,37.6,0.0,114.0
9,Vegetable,2742,Pepper raw gem,Sweet pepper average raw,,g,100,"per 100g. For more information, see Overview of recipes on the NEVO website.",,,100,24,0.8,0.8,0.0,,3.8,3.8,0.0,0.0,2.1,0.0,92.5,,0.1,0.1,0.0,0.0,0.1,0.0,0.0,0.0,0.0,0.0,0.0,0.0,0.0,0.0,0.0,0.0,0.0,0.02,0.0,0.01,0.0,0.0,0.0,0.0,0.0,0.0,0.0,0.0,0.0,0.0,0.0,0.0,0.0,0.0,0.0,0.0,0.0,0.0,0.05,0.0,0.0,0.0,0.0,0.03,0.0,0.0,0.0,0.0,0.0,0.0,0.0,0.0,0.0,,0.0,0.0,0.0,0.0,0.0,0.0,0.0,0.0,0.0,0.0,0.0,0.0,0.0,0.0,0.0,,0.0,0.0,0.0,0.0,0.0,0.0,0.0,1.0,251.0,7.0,29.0,11.0,0.4,0.0,0.4,0.04,0.0,0.28,1.0,0.5,42.0,84.0,0.0,446.0,17.0,248.0,132.0,98.0,26.0,0.0,0.0,0.0,2.5,2.4,0.1,0.2,0.0,5.4,5.4,,0.03,0.04,0.25,0.0,0.9,33.9,33.9,0.0,124.0
9,Vegetable,3048,Pepper orange raw,Sweet pepper orange raw,,g,100,per 100g.,,,116,28,0.8,0.8,0.0,,4.7,4.7,0.0,0.0,1.7,0.0,92.2,,0.3,0.2,0.1,0.0,0.1,0.1,0.1,0.0,0.0,0.0,0.0,0.0,0.0,0.0,0.0,0.0,0.0,0.04,0.0,0.01,0.0,0.0,0.0,0.0,0.0,0.0,0.0,0.0,0.0,0.0,0.0,0.0,0.0,0.01,0.0,0.0,0.0,0.0,0.09,0.0,0.0,0.0,0.0,0.05,0.0,0.0,0.0,0.0,0.0,0.0,0.0,0.0,0.0,0.0,0.0,0.0,0.0,0.0,0.0,0.0,0.0,0.0,0.0,0.0,0.0,0.0,0.0,0.0,0.0,0.0,0.0,0.0,0.0,0.0,0.0,,0.0,0.0,210.0,7.0,22.0,12.0,0.4,0.0,0.4,0.04,0.0,0.24,1.0,0.4,22.0,44.0,0.0,180.0,59.0,490.0,3333.0,113.0,0.0,0.0,0.0,0.0,2.1,2.1,0.1,0.1,0.0,4.9,4.9,,0.04,0.07,0.29,0.0,1.0,38.0,38.0,0.0,133.0
14,Herbs and spices,823,Pepper black/white,Pepper black/white,,g,100,per 100g.,,,1393,332,11.0,11.0,0.0,,52.0,0.0,52.0,0.0,26.4,0.0,11.0,,3.0,2.9,0.7,0.7,1.4,,,0.0,,,,,,,,,,,,,,,,,,,,,,,,,,,,,,,1.0,,,,,,,,,,,,,,,,,,,,,,,,,,,,,,,,,,,,,,0.0,44.0,1259.0,437.0,173.0,,21.6,0.0,21.6,,,,,,0.0,190.0,0.0,,,,,,,0.0,0.0,0.0,,,,,,163.7,163.7,,0.11,0.24,,0.0,1.1,0.0,0.0,0.0,
14,Herbs and spices,1225,Pepper cayenne red,Pepper red cayenne,Cayenne pepper red,g,100,per 100g.,,,1576,379,12.0,12.0,0.0,,32.0,0.0,32.0,0.0,24.9,0.0,8.0,,17.0,16.3,3.5,3.5,9.3,,,0.0,,,,,,,,,,,,,,,,,,,,,,,,,,,,,,,8.16,,,,,,,,,,,,,,,,,,,,,,,,,,,,,,,,,,,,,,0.0,30.0,2014.0,148.0,293.0,,7.8,0.0,7.8,,,,,,0.0,0.0,0.0,,,,,,,0.0,0.0,0.0,,,,,,80.3,80.3,,0.33,0.92,,0.0,8.7,,,,76.0
22,"Sugar, candy, sweet toppings and sweet sauces",453,Peppermint,peppermint,"Tic-tac mint, after dinner mints",g,100,per 100g.,,"K, SE",1679,395,0.6,0.6,0.0,,98.2,98.2,0.0,0.0,0.0,0.0,1.2,,0.0,0.0,0.0,0.0,0.0,0.0,0.0,0.0,0.0,0.0,0.0,0.0,0.0,0.0,0.0,0.0,0.0,0.0,0.0,0.0,0.0,0.0,0.0,0.0,0.0,0.0,0.0,0.0,0.0,0.0,0.0,0.0,0.0,0.0,0.0,0.0,0.0,0.0,0.0,0.0,0.0,0.0,0.0,0.0,0.0,0.0,0.0,0.0,0.0,0.0,0.0,0.0,0.0,,0.0,0.0,0.0,0.0,0.0,0.0,0.0,0.0,0.0,0.0,0.0,0.0,0.0,0.0,0.0,,0.0,0.0,0.0,0.0,0.0,0.0,0.0,9.0,0.0,7.0,0.0,3.0,0.2,0.0,0.2,0.04,0.0,0.04,0.0,,0.0,0.0,0.0,0.0,,,,,,0.0,0.0,0.0,0.0,0.0,0.0,0.0,0.0,,,,0.0,0.0,0.0,0.0,0.0,0.0,0.0,0.0,0.0
6,Fruit,1116,Melon in syrup can/glass,Melon in syrup canned,,g,100,per 100g.,,,340,80,0.5,0.5,0.0,,19.0,19.0,0.0,0.0,1.0,0.0,80.0,,0.0,0.0,0.0,0.0,0.0,0.0,0.0,0.0,0.0,0.0,0.0,0.0,0.0,0.0,0.0,0.0,0.0,0.0,0.0,0.0,0.0,0.0,0.0,0.0,0.0,0.0,0.0,0.0,0.0,0.0,0.0,0.0,0.0,0.0,0.0,0.0,0.0,0.0,0.0,0.0,0.0,0.0,0.0,0.0,0.0,0.0,0.0,0.0,0.0,0.0,0.0,0.0,0.0,,0.0,0.0,0.0,0.0,0.0,0.0,0.0,0.0,0.0,0.0,0.0,0.0,0.0,0.0,0.0,,0.0,0.0,0.0,0.0,0.0,0.0,0.0,15.0,300.0,15.0,10.0,6.0,0.8,0.0,0.8,0.04,0.0,0.16,,,4.0,8.0,0.0,48.0,,,,,,0.0,0.0,0.0,0.0,0.0,0.0,0.0,0.0,0.1,0.1,,0.04,0.05,0.06,0.0,0.1,0.0,0.0,0.0,12.0
